USE QLHTChuyenHang
GO


--
-- Inserting data into table dbo.TAI_KHOAN
--
INSERT dbo.TAI_KHOAN(MATK, TENTK, MAT_KHAU, EMAIL, SDT, DUONG, PHUONG, QUAN, THANH_PHO, VAI_TRO, TRANG_THAI) VALUES (N'TK000001', N'Jack', 'TK000001', 'Fulcher@example.com', '0928158862', N'75/8 Ba Vì', N'Phường Đa Kao', N'Tân Biên', N'Quảng Ngãi', N'Admin', N'Đã kích hoạt')
INSERT dbo.TAI_KHOAN(MATK, TENTK, MAT_KHAU, EMAIL, SDT, DUONG, PHUONG, QUAN, THANH_PHO, VAI_TRO, TRANG_THAI) VALUES (N'TK000002', N'Stacey', 'TK000002', 'Skidmore3@example.com', '0988523709', N'46/6 Trần Thiện Chánh', N'Linh Đông', N'Cần Giuộc', N'Bến Tre', N'Admin', N'Đã kích hoạt')
INSERT dbo.TAI_KHOAN(MATK, TENTK, MAT_KHAU, EMAIL, SDT, DUONG, PHUONG, QUAN, THANH_PHO, VAI_TRO, TRANG_THAI) VALUES (N'TK000003', N'Loy', 'TK000003', 'AmparoXMcinnis46@example.com', '0959776565', N'21/1 Phạm Viết Chánh', N'Cát Lái', N'Mỏ Cày Bắc', N'Bến Tre', N'Admin', N'Đã kích hoạt')
INSERT dbo.TAI_KHOAN(MATK, TENTK, MAT_KHAU, EMAIL, SDT, DUONG, PHUONG, QUAN, THANH_PHO, VAI_TRO, TRANG_THAI) VALUES (N'TK000004', N'Jenn', 'TK000004', 'Chappell@example.com', '0937457085', N'74/7 Đường số 60	 ', N'Bình An', N'Cao Bằng', N'Bình Dương', N'Admin', N'Đã kích hoạt')
INSERT dbo.TAI_KHOAN(MATK, TENTK, MAT_KHAU, EMAIL, SDT, DUONG, PHUONG, QUAN, THANH_PHO, VAI_TRO, TRANG_THAI) VALUES (N'TK000005', N'Jewel', 'TK000005', 'Zamora@example.com', '0996413904', N'53/7 Đoàn Hữu Trưng', N'Cô Giang', N'Bình Đại', N'Đắk Nông', N'Nhân viên', N'Đã kích hoạt')
INSERT dbo.TAI_KHOAN(MATK, TENTK, MAT_KHAU, EMAIL, SDT, DUONG, PHUONG, QUAN, THANH_PHO, VAI_TRO, TRANG_THAI) VALUES (N'TK000006', N'Alene', 'TK000006', 'Eustolia_Layman@example.com', '0931387949', N'12/7 Cách Mạng Tháng 8', N'Trung Mỹ Tây', N'7', N'Quảng Ngãi', N'Nhân viên', N'Đã kích hoạt')
INSERT dbo.TAI_KHOAN(MATK, TENTK, MAT_KHAU, EMAIL, SDT, DUONG, PHUONG, QUAN, THANH_PHO, VAI_TRO, TRANG_THAI) VALUES (N'TK000007', N'Harris', 'TK000007', 'France542@example.com', '0916918527', N'32/9 Hòa Bình', N'Tam Phú', N'Bình Liêu', N'Bắc Giang', N'Nhân viên', N'Đã kích hoạt')
INSERT dbo.TAI_KHOAN(MATK, TENTK, MAT_KHAU, EMAIL, SDT, DUONG, PHUONG, QUAN, THANH_PHO, VAI_TRO, TRANG_THAI) VALUES (N'TK000008', N'Angelo', 'TK000008', 'Crowley79@example.com', '0951422340', N'61/7 Học Lạc', N'Thạnh Xuân', N'Bình Tân', N'Lâm Đồng', N'Nhân viên', N'Đã kích hoạt')
INSERT dbo.TAI_KHOAN(MATK, TENTK, MAT_KHAU, EMAIL, SDT, DUONG, PHUONG, QUAN, THANH_PHO, VAI_TRO, TRANG_THAI) VALUES (N'TK000009', N'Rocky', 'TK000009', 'MaryannaCabrera4@nowhere.com', '0984378204', N'67/5 Bùi Hữu Nghĩa', N'Tân Thới Hiệp', N'Mê Linh', N'Vĩnh Phúc', N'Nhân viên', N'Đã kích hoạt')
INSERT dbo.TAI_KHOAN(MATK, TENTK, MAT_KHAU, EMAIL, SDT, DUONG, PHUONG, QUAN, THANH_PHO, VAI_TRO, TRANG_THAI) VALUES (N'TK000010', N'Brand', 'TK000010', 'Chin@example.com', '0925379587', N'52/8 Tôn Thất Đạm', N'Phường Đa Kao', N'Bảo Lạc', N'Quảng Ninh', N'Nhân viên', N'Đã kích hoạt')
INSERT dbo.TAI_KHOAN(MATK, TENTK, MAT_KHAU, EMAIL, SDT, DUONG, PHUONG, QUAN, THANH_PHO, VAI_TRO, TRANG_THAI) VALUES (N'TK000011', N'Tarah', 'TK000011', 'Cyril.XMarcotte439@nowhere.com', '0938142541', N'48/1 Đoàn Hữu Trưng', N'Phước Kiển', N'Ba Tri', N'Bến Tre', N'Tài xế', N'Đã kích hoạt')
INSERT dbo.TAI_KHOAN(MATK, TENTK, MAT_KHAU, EMAIL, SDT, DUONG, PHUONG, QUAN, THANH_PHO, VAI_TRO, TRANG_THAI) VALUES (N'TK000012', N'Luna', 'TK000012', 'Adcock@nowhere.com', '0906581391', N'53/6 Nam Quốc Cang', N'Tân Thới Nhất', N'Vĩnh Cữu', N'Đồng Nai', N'Tài xế', N'Đã kích hoạt')
INSERT dbo.TAI_KHOAN(MATK, TENTK, MAT_KHAU, EMAIL, SDT, DUONG, PHUONG, QUAN, THANH_PHO, VAI_TRO, TRANG_THAI) VALUES (N'TK000013', N'Rali', 'TK000013', 'Sisco@example.com', '0997147384', N'32/5 Lãnh Binh Thăng', N'Bình Khánh', N'10', N'TP. Hồ Chí Minh', N'Tài xế', N'Đã kích hoạt')
INSERT dbo.TAI_KHOAN(MATK, TENTK, MAT_KHAU, EMAIL, SDT, DUONG, PHUONG, QUAN, THANH_PHO, VAI_TRO, TRANG_THAI) VALUES (N'TK000014', N'Valen', 'TK000014', 'szupywha3649@example.com', '0948941397', N'12/3 Hoàng Văn Thụ', N'Bình Khánh', N'Bình Chánh', N'TP. Hồ Chí Minh', N'Tài xế', N'Đã kích hoạt')
INSERT dbo.TAI_KHOAN(MATK, TENTK, MAT_KHAU, EMAIL, SDT, DUONG, PHUONG, QUAN, THANH_PHO, VAI_TRO, TRANG_THAI) VALUES (N'TK000015', N'Kath', 'TK000015', 'EmmettBertram4@example.com', '0993125123', N'37/8 Phan Văn Đạt', N'Bình Khánh', N'Tân An', N'Long An', N'Tài xế', N'Đã kích hoạt')
INSERT dbo.TAI_KHOAN(MATK, TENTK, MAT_KHAU, EMAIL, SDT, DUONG, PHUONG, QUAN, THANH_PHO, VAI_TRO, TRANG_THAI) VALUES (N'TK000016', N'Missy', 'TK000016', 'SpradlinG@example.com', '0936852552', N'22/2 Tam Đảo', N'Bình Trưng Tây', N'Bình Đại', N'Long An', N'Tài xế', N'Đã kích hoạt')
INSERT dbo.TAI_KHOAN(MATK, TENTK, MAT_KHAU, EMAIL, SDT, DUONG, PHUONG, QUAN, THANH_PHO, VAI_TRO, TRANG_THAI) VALUES (N'TK000017', N'Tim', 'TK000017', 'Amado_Hermann4@example.com', '0997960345', N'31/9 Kỳ Hòa', N'Long Hòa', N'Đức Hòa', N'Quảng Nam', N'Tài xế',N'Đã kích hoạt')
INSERT dbo.TAI_KHOAN(MATK, TENTK, MAT_KHAU, EMAIL, SDT, DUONG, PHUONG, QUAN, THANH_PHO, VAI_TRO, TRANG_THAI) VALUES (N'TK000018', N'Adell', 'TK000018', 'NicholasSmall@example.com', '0925287026', N'98/9 Nguyễn Cư Dĩ', N'Thạnh An', N'Bình Tân', N'TP. Hồ Chí Minh', N'Tài xế', N'Đã kích hoạt')
INSERT dbo.TAI_KHOAN(MATK, TENTK, MAT_KHAU, EMAIL, SDT, DUONG, PHUONG, QUAN, THANH_PHO, VAI_TRO, TRANG_THAI) VALUES (N'TK000019', N'Tova', 'TK000019', 'Lavoie@example.com', '0939532696', N'75/3 Thạnh Mỹ Lợi', N'Hiệp Phước', N'10', N'TP. Hồ Chí Minh', N'Tài xế', N'Đã kích hoạt')
INSERT dbo.TAI_KHOAN(MATK, TENTK, MAT_KHAU, EMAIL, SDT, DUONG, PHUONG, QUAN, THANH_PHO, VAI_TRO, TRANG_THAI) VALUES (N'TK000020', N'Liny', 'TK000020', 'Abraham@example.com', '0932765709', N'11/7 Bùi Viện', N'Cầu Kho', N'Bến Cầu', N'Hà Nội', N'Tài xế', N'Đã kích hoạt')
INSERT dbo.TAI_KHOAN(MATK, TENTK, MAT_KHAU, EMAIL, SDT, DUONG, PHUONG, QUAN, THANH_PHO, VAI_TRO, TRANG_THAI) VALUES (N'TK000021', N'Meg', 'TK000021', 'yxofoy5360@example.com', '0932941584', N'56/1 Nguyễn Trung Trực	 ', N'Cần Thạnh', N'Hòa Thành', N'Đồng Nai', N'Đối tác', N'Đã kích hoạt')
INSERT dbo.TAI_KHOAN(MATK, TENTK, MAT_KHAU, EMAIL, SDT, DUONG, PHUONG, QUAN, THANH_PHO, VAI_TRO, TRANG_THAI) VALUES (N'TK000022', N'Emma', 'TK000022', 'ChrisDoss@example.com', '0938991219', N'24/5 Ngô Gia Tự', N'Bình Thọ', N'Long Biên', N'Quảng Bình', N'Đối tác', N'Đã kích hoạt')
INSERT dbo.TAI_KHOAN(MATK, TENTK, MAT_KHAU, EMAIL, SDT, DUONG, PHUONG, QUAN, THANH_PHO, VAI_TRO, TRANG_THAI) VALUES (N'TK000023', N'Janel', 'TK000023', 'zxbtlbi22@example.com', '0940387007', N'97/9 Trần Chánh Chiếu', N'Cần Thạnh', N'Tân An', N'Quảng Nam', N'Đối tác', N'Đã kích hoạt')
INSERT dbo.TAI_KHOAN(MATK, TENTK, MAT_KHAU, EMAIL, SDT, DUONG, PHUONG, QUAN, THANH_PHO, VAI_TRO, TRANG_THAI) VALUES (N'TK000024', N'Darell', 'TK000024', 'Burkett@example.com', '0909291238', N'48/2 Cao Thắng', N'Cô Giang', N'Vũng Liêm', N'Lào Cai', N'Đối tác', N'Đã kích hoạt')
INSERT dbo.TAI_KHOAN(MATK, TENTK, MAT_KHAU, EMAIL, SDT, DUONG, PHUONG, QUAN, THANH_PHO, VAI_TRO, TRANG_THAI) VALUES (N'TK000025', N'Daron', 'TK000025', 'MelodeeC.Link1@example.com', '0980329608', N'97/7 Đường số 12	 ', N'Nguyễn Thái Bình', N'Tân An', N'Bình Thuận', N'Đối tác', N'Đã kích hoạt')
INSERT dbo.TAI_KHOAN(MATK, TENTK, MAT_KHAU, EMAIL, SDT, DUONG, PHUONG, QUAN, THANH_PHO, VAI_TRO, TRANG_THAI) VALUES (N'TK000026', N'Cam', 'TK000026', 'Lance_Parra45@nowhere.com', '0931386158', N'71/5 Hồ Bá Kiện', N'Cầu Ông Lãnh', N'Nam Từ Liêm', N'Hà Nội', N'Đối tác', N'Đã kích hoạt')
INSERT dbo.TAI_KHOAN(MATK, TENTK, MAT_KHAU, EMAIL, SDT, DUONG, PHUONG, QUAN, THANH_PHO, VAI_TRO, TRANG_THAI) VALUES (N'TK000027', N'Lily', 'TK000027', 'JoyaMorrissey@example.com', '0990255436', N'55/5 Nguyễn Chí Thanh', N'Tân Thới Hiệp', N'Long Hồ', N'Bắc Ninh', N'Đối tác', N'Đã kích hoạt')
INSERT dbo.TAI_KHOAN(MATK, TENTK, MAT_KHAU, EMAIL, SDT, DUONG, PHUONG, QUAN, THANH_PHO, VAI_TRO, TRANG_THAI) VALUES (N'TK000028', N'Loli', 'TK000028', 'Dennison44@example.com', '0919214476', N'31/9 Nguyễn Quý Cảnh', N'Tam Bình', N'Bắc Bình', N'Lai Châu', N'Đối tác', N'Đã kích hoạt')
INSERT dbo.TAI_KHOAN(MATK, TENTK, MAT_KHAU, EMAIL, SDT, DUONG, PHUONG, QUAN, THANH_PHO, VAI_TRO, TRANG_THAI) VALUES (N'TK000029', N'Anton', 'TK000029', 'vjnciynh.qsnx@example.com', '0970208561', N'97/1 Nguyễn Biểu', N'Nguyễn Thái Bình', N'10', N'TP. Hồ Chí Minh', N'Đối tác', N'Đã kích hoạt')
INSERT dbo.TAI_KHOAN(MATK, TENTK, MAT_KHAU, EMAIL, SDT, DUONG, PHUONG, QUAN, THANH_PHO, VAI_TRO, TRANG_THAI) VALUES (N'TK000030', N'France', 'TK000030', 'Guenther@nowhere.com', '0953940587', N'64/7 Khánh Hội', N'Bình Chiểu', N'Hà Đông', N'Hà Nội', N'Đối tác', N'Đã kích hoạt')
INSERT dbo.TAI_KHOAN(MATK, TENTK, MAT_KHAU, EMAIL, SDT, DUONG, PHUONG, QUAN, THANH_PHO, VAI_TRO, TRANG_THAI) VALUES (N'TK000031', N'Keshi', 'TK000031', 'EhtelMadrid14@nowhere.com', '0981921457', N'47/1 Đặng Hữu Đông', N'Thạnh Mỹ Lợi', N'Ba Tri', N'Bến Tre', N'Khách hàng', N'Đã kích hoạt')
INSERT dbo.TAI_KHOAN(MATK, TENTK, MAT_KHAU, EMAIL, SDT, DUONG, PHUONG, QUAN, THANH_PHO, VAI_TRO, TRANG_THAI) VALUES (N'TK000032', N'Abby', 'TK000032', 'Shaun.HMajor@example.com', '0993477731', N'19/5 Nguyễn Đăng Giai', N'Thạnh Mỹ Lợi', N'Tân An', N'Long An', N'Khách hàng', N'Đã kích hoạt')
INSERT dbo.TAI_KHOAN(MATK, TENTK, MAT_KHAU, EMAIL, SDT, DUONG, PHUONG, QUAN, THANH_PHO, VAI_TRO, TRANG_THAI) VALUES (N'TK000033', N'Ward', 'TK000033', 'lnjvvid3@example.com', '0989503730', N'86/6 Tân Phước', N'Thảo Điền', N'Quốc Oai', N'Hà Nội', N'Khách hàng', N'Đã kích hoạt')
INSERT dbo.TAI_KHOAN(MATK, TENTK, MAT_KHAU, EMAIL, SDT, DUONG, PHUONG, QUAN, THANH_PHO, VAI_TRO, TRANG_THAI) VALUES (N'TK000034', N'Gem', 'TK000034', 'Carlos@example.com', '0935581343', N'98/5 Vĩnh Viễn', N'An Thới Đông', N'Móng Cái', N'Long An', N'Khách hàng', N'Đã kích hoạt')
INSERT dbo.TAI_KHOAN(MATK, TENTK, MAT_KHAU, EMAIL, SDT, DUONG, PHUONG, QUAN, THANH_PHO, VAI_TRO, TRANG_THAI) VALUES (N'TK000035', N'Kurt', 'TK000035', 'Thayer985@example.com', '0913390362', N'46/4 Đường số 1', N'Hiệp Phước', N'10', N'TP. Hồ Chí Minh', N'Khách hàng', N'Đã kích hoạt')
INSERT dbo.TAI_KHOAN(MATK, TENTK, MAT_KHAU, EMAIL, SDT, DUONG, PHUONG, QUAN, THANH_PHO, VAI_TRO, TRANG_THAI) VALUES (N'TK000036', N'Era', 'TK000036', 'Redding57@example.com', '0972827724', N'97/6 Hồng Bàng', N'Nhơn Đức', N'Ngọc Hiển', N'Phú Thọ', N'Khách hàng', N'Đã kích hoạt')
INSERT dbo.TAI_KHOAN(MATK, TENTK, MAT_KHAU, EMAIL, SDT, DUONG, PHUONG, QUAN, THANH_PHO, VAI_TRO, TRANG_THAI) VALUES (N'TK000037', N'Karis', 'TK000037', 'McgovernP@nowhere.com', '0998631696', N'61/2 Phan Bội Châu', N'Bến Thành', N'2', N'TP. Hồ Chí Minh', N'Khách hàng', N'Đã kích hoạt')
INSERT dbo.TAI_KHOAN(MATK, TENTK, MAT_KHAU, EMAIL, SDT, DUONG, PHUONG, QUAN, THANH_PHO, VAI_TRO, TRANG_THAI) VALUES (N'TK000038', N'Abe', 'TK000038', 'TereasaMacdonald68@example.com', '0923205690', N'54/9 Nguyễn Hậu', N'Phước Kiển', N'Bình Tân', N'TP. Hồ Chí Minh', N'Khách hàng', N'Đã kích hoạt')
INSERT dbo.TAI_KHOAN(MATK, TENTK, MAT_KHAU, EMAIL, SDT, DUONG, PHUONG, QUAN, THANH_PHO, VAI_TRO, TRANG_THAI) VALUES (N'TK000039', N'Will', 'TK000039', 'Abreu@example.com', '0967336956', N'94/7 Nguyễn Khắc Nhu', N'Cầu Kho', N'Gò Vấp', N'Bà Rịa – Vũng Tàu', N'Khách hàng', N'Đã kích hoạt')
INSERT dbo.TAI_KHOAN(MATK, TENTK, MAT_KHAU, EMAIL, SDT, DUONG, PHUONG, QUAN, THANH_PHO, VAI_TRO, TRANG_THAI) VALUES (N'TK000040', N'July', 'TK000000', 'Sapp@nowhere.com', '0964666286', N'64/4 Nguyễn Văn Đượm', N'Thạnh Xuân', N'Bình Tân', N'TP. Hồ Chí Minh', N'Khách hàng', N'Đã kích hoạt')

GO
--
-- Inserting data into table dbo.KHU_VUC_HOAT_DONG
--
INSERT dbo.KHU_VUC_HOAT_DONG(MAKV, TENKV) VALUES (N'KV000000', N'Nam Định')
INSERT dbo.KHU_VUC_HOAT_DONG(MAKV, TENKV) VALUES (N'KV000001', N'Hưng Yên')
INSERT dbo.KHU_VUC_HOAT_DONG(MAKV, TENKV) VALUES (N'KV000002', N'Bà Rịa – Vũng Tàu')
INSERT dbo.KHU_VUC_HOAT_DONG(MAKV, TENKV) VALUES (N'KV000003', N'Bắc Ninh')
INSERT dbo.KHU_VUC_HOAT_DONG(MAKV, TENKV) VALUES (N'KV000004', N'Tiền Giang')
INSERT dbo.KHU_VUC_HOAT_DONG(MAKV, TENKV) VALUES (N'KV000005', N'Sóc Trăng')
INSERT dbo.KHU_VUC_HOAT_DONG(MAKV, TENKV) VALUES (N'KV000006', N'Hậu Giang')
INSERT dbo.KHU_VUC_HOAT_DONG(MAKV, TENKV) VALUES (N'KV000007', N'Bình Thuận')
INSERT dbo.KHU_VUC_HOAT_DONG(MAKV, TENKV) VALUES (N'KV000008', N'Bình Dương')
INSERT dbo.KHU_VUC_HOAT_DONG(MAKV, TENKV) VALUES (N'KV000009', N'Lạng Sơn')
INSERT dbo.KHU_VUC_HOAT_DONG(MAKV, TENKV) VALUES (N'KV000010', N'Cà Mau')
INSERT dbo.KHU_VUC_HOAT_DONG(MAKV, TENKV) VALUES (N'KV000011', N'Kiên Giang')
INSERT dbo.KHU_VUC_HOAT_DONG(MAKV, TENKV) VALUES (N'KV000012', N'Thừa Thiên Huế')
INSERT dbo.KHU_VUC_HOAT_DONG(MAKV, TENKV) VALUES (N'KV000013', N'Hải Dương')
INSERT dbo.KHU_VUC_HOAT_DONG(MAKV, TENKV) VALUES (N'KV000014', N'Quảng Trị')
INSERT dbo.KHU_VUC_HOAT_DONG(MAKV, TENKV) VALUES (N'KV000015', N'Yên Bái')
INSERT dbo.KHU_VUC_HOAT_DONG(MAKV, TENKV) VALUES (N'KV000016', N'Thanh Hóa')
INSERT dbo.KHU_VUC_HOAT_DONG(MAKV, TENKV) VALUES (N'KV000017', N'Ninh Thuận')
INSERT dbo.KHU_VUC_HOAT_DONG(MAKV, TENKV) VALUES (N'KV000018', N'Kon Tum')
INSERT dbo.KHU_VUC_HOAT_DONG(MAKV, TENKV) VALUES (N'KV000019', N'Long An')
INSERT dbo.KHU_VUC_HOAT_DONG(MAKV, TENKV) VALUES (N'KV000020', N'Tây Ninh')
INSERT dbo.KHU_VUC_HOAT_DONG(MAKV, TENKV) VALUES (N'KV000021', N'Điện Biên')
INSERT dbo.KHU_VUC_HOAT_DONG(MAKV, TENKV) VALUES (N'KV000022', N'Quảng Ninh')
INSERT dbo.KHU_VUC_HOAT_DONG(MAKV, TENKV) VALUES (N'KV000023', N'Bến Tre')
INSERT dbo.KHU_VUC_HOAT_DONG(MAKV, TENKV) VALUES (N'KV000024', N'Hà Nội')
INSERT dbo.KHU_VUC_HOAT_DONG(MAKV, TENKV) VALUES (N'KV000025', N'Đồng Tháp')
INSERT dbo.KHU_VUC_HOAT_DONG(MAKV, TENKV) VALUES (N'KV000026', N'Đồng Nai')
INSERT dbo.KHU_VUC_HOAT_DONG(MAKV, TENKV) VALUES (N'KV000027', N'Hà Nam')
INSERT dbo.KHU_VUC_HOAT_DONG(MAKV, TENKV) VALUES (N'KV000028', N'Quảng Nam')
INSERT dbo.KHU_VUC_HOAT_DONG(MAKV, TENKV) VALUES (N'KV000029', N'Phú Yên')
INSERT dbo.KHU_VUC_HOAT_DONG(MAKV, TENKV) VALUES (N'KV000030', N'Hải Phòng')
INSERT dbo.KHU_VUC_HOAT_DONG(MAKV, TENKV) VALUES (N'KV000031', N'Bắc Giang')
INSERT dbo.KHU_VUC_HOAT_DONG(MAKV, TENKV) VALUES (N'KV000032', N'Bạc Liêu')
INSERT dbo.KHU_VUC_HOAT_DONG(MAKV, TENKV) VALUES (N'KV000033', N'Ninh Bình')
INSERT dbo.KHU_VUC_HOAT_DONG(MAKV, TENKV) VALUES (N'KV000034', N'Đà Nẵng')
INSERT dbo.KHU_VUC_HOAT_DONG(MAKV, TENKV) VALUES (N'KV000035', N'Bình Phước')
INSERT dbo.KHU_VUC_HOAT_DONG(MAKV, TENKV) VALUES (N'KV000036', N'Gia Lai')
INSERT dbo.KHU_VUC_HOAT_DONG(MAKV, TENKV) VALUES (N'KV000037', N'TP. Hồ Chí Minh')
INSERT dbo.KHU_VUC_HOAT_DONG(MAKV, TENKV) VALUES (N'KV000038', N'Quảng Bình')
INSERT dbo.KHU_VUC_HOAT_DONG(MAKV, TENKV) VALUES (N'KV000039', N'Lai Châu')
INSERT dbo.KHU_VUC_HOAT_DONG(MAKV, TENKV) VALUES (N'KV000040', N'Nghệ An')
INSERT dbo.KHU_VUC_HOAT_DONG(MAKV, TENKV) VALUES (N'KV000041', N'Trà Vinh')
INSERT dbo.KHU_VUC_HOAT_DONG(MAKV, TENKV) VALUES (N'KV000042', N'Lâm Đồng')
INSERT dbo.KHU_VUC_HOAT_DONG(MAKV, TENKV) VALUES (N'KV000043', N'Quảng Ngãi')
INSERT dbo.KHU_VUC_HOAT_DONG(MAKV, TENKV) VALUES (N'KV000044', N'An Giang')
INSERT dbo.KHU_VUC_HOAT_DONG(MAKV, TENKV) VALUES (N'KV000045', N'Đắk Nông')
INSERT dbo.KHU_VUC_HOAT_DONG(MAKV, TENKV) VALUES (N'KV000046', N'Vĩnh Phúc')
INSERT dbo.KHU_VUC_HOAT_DONG(MAKV, TENKV) VALUES (N'KV000047', N'Đắk Lắk')
INSERT dbo.KHU_VUC_HOAT_DONG(MAKV, TENKV) VALUES (N'KV000048', N'Vĩnh Long')
INSERT dbo.KHU_VUC_HOAT_DONG(MAKV, TENKV) VALUES (N'KV000049', N'Thái Bình')
INSERT dbo.KHU_VUC_HOAT_DONG(MAKV, TENKV) VALUES (N'KV000050', N'Cao Bằng ')
INSERT dbo.KHU_VUC_HOAT_DONG(MAKV, TENKV) VALUES (N'KV000051', N'Tuyên Quang')
INSERT dbo.KHU_VUC_HOAT_DONG(MAKV, TENKV) VALUES (N'KV000052', N'Bình Định')
INSERT dbo.KHU_VUC_HOAT_DONG(MAKV, TENKV) VALUES (N'KV000053', N'Cần Thơ')
INSERT dbo.KHU_VUC_HOAT_DONG(MAKV, TENKV) VALUES (N'KV000054', N'Hà Tĩnh')
GO


--
-- Inserting data into table dbo.TAI_XE
--
INSERT dbo.TAI_XE(MATX, HO_TEN, CMND, PHI_THUE_CHAN, STK, BIEN_SO, MATK) VALUES (N'TX000001', N'Đinh Tuệ Ái', '2359783824', 1000000, '828522952061', '04-H1 0256', 'TK000011')
INSERT dbo.TAI_XE(MATX, HO_TEN, CMND, PHI_THUE_CHAN, STK, BIEN_SO, MATK) VALUES (N'TX000002', N'Đoàn Phương Quang', '0492978043', 1000000, '444340717444', '65-A1 8129', 'TK000012')
INSERT dbo.TAI_XE(MATX, HO_TEN, CMND, PHI_THUE_CHAN, STK, BIEN_SO, MATK) VALUES (N'TX000003', N'Nguyễn Hương Khánh', '5264005453', 1000000, '075785275239', '50-H1 2621', 'TK000013')
INSERT dbo.TAI_XE(MATX, HO_TEN, CMND, PHI_THUE_CHAN, STK, BIEN_SO, MATK) VALUES (N'TX000004', N'Mai Khả Nhung', '6529271386', 1000000, '004968527428', '35-L5 6451', 'TK000014')
INSERT dbo.TAI_XE(MATX, HO_TEN, CMND, PHI_THUE_CHAN, STK, BIEN_SO, MATK) VALUES (N'TX000005', N'Phạm Gia Khánh', '9792466557', 1000000, '573441483736', '94-Q8 0961', 'TK000015')
INSERT dbo.TAI_XE(MATX, HO_TEN, CMND, PHI_THUE_CHAN, STK, BIEN_SO, MATK) VALUES (N'TX000006', N'Hoàng Vân Thảo', '3663432769', 1000000, '451631124479', '49-Z5 1172', 'TK000016')
INSERT dbo.TAI_XE(MATX, HO_TEN, CMND, PHI_THUE_CHAN, STK, BIEN_SO, MATK) VALUES (N'TX000007', N'Đặng Tùy Ân', '8539530059', 1000000, '751007062910', '13-D0 8779', 'TK000017')
INSERT dbo.TAI_XE(MATX, HO_TEN, CMND, PHI_THUE_CHAN, STK, BIEN_SO, MATK) VALUES (N'TX000008', N'Phùng Hương Bình', '9564335204', 1000000, '533423605982', '82-J4 7516', 'TK000018')
INSERT dbo.TAI_XE(MATX, HO_TEN, CMND, PHI_THUE_CHAN, STK, BIEN_SO, MATK) VALUES (N'TX000009', N'Dương Á Bảo', '8468740195', 1000000, '526156180121', '74-N7 1026', 'TK000019')
INSERT dbo.TAI_XE(MATX, HO_TEN, CMND, PHI_THUE_CHAN, STK, BIEN_SO, MATK) VALUES (N'TX000010', N'Phan Cẩm Quang', '7442966594', 1000000, '932825216151', '33-X8 6895', 'TK000020')

GO
--
-- Inserting data into table dbo.HANG_HOA
--
INSERT dbo.HANG_HOA(MALH, TEN_LH) VALUES (N'LH000001', N'Giày dép')
INSERT dbo.HANG_HOA(MALH, TEN_LH) VALUES (N'LH000002', N'Đồ gia dụng')
INSERT dbo.HANG_HOA(MALH, TEN_LH) VALUES (N'LH000003', N'Dụng cụ học tập')
INSERT dbo.HANG_HOA(MALH, TEN_LH) VALUES (N'LH000004', N'Đồ điện tử')
INSERT dbo.HANG_HOA(MALH, TEN_LH) VALUES (N'LH000005', N'Thực phẩm')
INSERT dbo.HANG_HOA(MALH, TEN_LH) VALUES (N'LH000006', N'Quần áo')

GO
--
-- Inserting data into table dbo.SAN_PHAM
--

--Giày dép
INSERT dbo.SAN_PHAM(MASP, MALH, TENSP, SO_LUONG_TON, MO_TA, GIA) VALUES (N'SP000001', N'LH000001', N'Giày cao gót', 323, NULL, 300000)
INSERT dbo.SAN_PHAM VALUES (N'SP000002', N'LH000001', N'Giày thể thao', 81, NULL, 450000)
INSERT dbo.SAN_PHAM VALUES (N'SP000003', N'LH000001', N'Dép đi biển', 237, NULL, 35000)
-- Đồ gia dụng
INSERT dbo.SAN_PHAM VALUES (N'SP000004', N'LH000002', N'Bàn', 358, NULL, 900000)
INSERT dbo.SAN_PHAM VALUES (N'SP000005', N'LH000002', N'Bộ bàn ăn', 435, NULL, 20000000)
INSERT dbo.SAN_PHAM VALUES (N'SP000006', N'LH000002', N'Bếp gas', 458, NULL, 1500000)
INSERT dbo.SAN_PHAM VALUES (N'SP000007', N'LH000002', N'Sofa', 274, NULL, 2500000)
INSERT dbo.SAN_PHAM VALUES (N'SP000008', N'LH000002', N'Tủ quần áo', 363, NULL, 1000000)
-- Dụng cụ học tập
INSERT dbo.SAN_PHAM VALUES (N'SP000009', N'LH000003', N'Bút xóa ', 432, NULL, 10000)
INSERT dbo.SAN_PHAM VALUES (N'SP000010', N'LH000003', N'Vở', 323, NULL, 8000)
INSERT dbo.SAN_PHAM VALUES (N'SP000011', N'LH000003', N'Sổ danh thiếp', 140, NULL, 50000)
INSERT dbo.SAN_PHAM VALUES (N'SP000012', N'LH000003', N'Bìa hồ sơ ', 73, NULL, 10000)
-- Đồ điện tử
INSERT dbo.SAN_PHAM VALUES (N'SP000013', N'LH000004', N'Điện thoại', 147, NULL, 7000000)
INSERT dbo.SAN_PHAM VALUES (N'SP000014', N'LH000004', N'Điều hòa', 67, NULL, 9500000)
-- Thực phẩm
INSERT dbo.SAN_PHAM VALUES (N'SP000015', N'LH000005', N'Sữa tươi', 279, NULL, 170000)
INSERT dbo.SAN_PHAM VALUES (N'SP000016', N'LH000005', N'Bánh quy', 389, NULL, 30000)
-- Quần áo
INSERT dbo.SAN_PHAM VALUES (N'SP000017', N'LH000006', N'Quần jean', 284, NULL, 350000)
INSERT dbo.SAN_PHAM VALUES (N'SP000018', N'LH000006', N'Quần giả váy', 305, NULL, 250000)
INSERT dbo.SAN_PHAM VALUES (N'SP000019', N'LH000006', N'Áo khoác', 277, NULL, 350000)
INSERT dbo.SAN_PHAM VALUES (N'SP000020', N'LH000006', N'Áo màu', 119, NULL, 150000)


GO


--
-- Inserting data into table dbo.KHACH_HANG
--
INSERT dbo.KHACH_HANG(MAKH, HO_TEN, MATK) VALUES (N'KH000001', N'Thái Khải Bảo', 'TK000031')
INSERT dbo.KHACH_HANG(MAKH, HO_TEN, MATK) VALUES (N'KH000002', N'Phan Cẩm Phương', 'TK000032')
INSERT dbo.KHACH_HANG(MAKH, HO_TEN, MATK) VALUES (N'KH000003', N'Ngô Phương Phong', 'TK000033')
INSERT dbo.KHACH_HANG(MAKH, HO_TEN, MATK) VALUES (N'KH000004', N'Phạm Á Tâm', 'TK000034')
INSERT dbo.KHACH_HANG(MAKH, HO_TEN, MATK) VALUES (N'KH000005', N'Châu Diệu Thắng', 'TK000035')
INSERT dbo.KHACH_HANG(MAKH, HO_TEN, MATK) VALUES (N'KH000006', N'Trịnh Gia Chiến', 'TK000036')
INSERT dbo.KHACH_HANG(MAKH, HO_TEN, MATK) VALUES (N'KH000007', N'Lương Thúc Phương', 'TK000037')
INSERT dbo.KHACH_HANG(MAKH, HO_TEN, MATK) VALUES (N'KH000008', N'Phùng Hoài Triều', 'TK000038')
INSERT dbo.KHACH_HANG(MAKH, HO_TEN, MATK) VALUES (N'KH000009', N'Lê Hồng Hùng', 'TK000039')
INSERT dbo.KHACH_HANG(MAKH, HO_TEN, MATK) VALUES (N'KH000010', N'Huỳnh Thế Ý', 'TK000040')

GO

--
-- Inserting data into table dbo.DOI_TAC
--
INSERT dbo.DOI_TAC(MADT, MATK, TEN_DOI_TAC, NGUOI_DAI_DIEN, THANH_PHO, QUAN, SO_CHI_NHANH, MALH, SO_LUONG_DON) VALUES (N'DT000001', 'TK000021', N'Công ty Cổ phần Tập đoàn PAN', N'Huỳnh Hương Trâm', N'Hải Phòng', N'Thủ Thừa', 6, 'LH000004', 426)
INSERT dbo.DOI_TAC(MADT, MATK, TEN_DOI_TAC, NGUOI_DAI_DIEN, THANH_PHO, QUAN, SO_CHI_NHANH, MALH, SO_LUONG_DON) VALUES (N'DT000002', 'TK000022', N'Công ty Cổ phần Mediamart Việt Nam', N'Mạc Bá Thái', N'TP. Hồ Chí Minh', N'Chương Mỹ', 5, 'LH000001', 368)
INSERT dbo.DOI_TAC(MADT, MATK, TEN_DOI_TAC, NGUOI_DAI_DIEN, THANH_PHO, QUAN, SO_CHI_NHANH, MALH, SO_LUONG_DON) VALUES (N'DT000003', 'TK000023', N'Công ty Cổ phần Fado Việt Nam', N'Thái Thanh Thắng', N'Bình Phước', N'Dương Kinh', 4, 'LH000005', 678)
INSERT dbo.DOI_TAC(MADT, MATK, TEN_DOI_TAC, NGUOI_DAI_DIEN, THANH_PHO, QUAN, SO_CHI_NHANH, MALH, SO_LUONG_DON) VALUES (N'DT000004', 'TK000024', N'Công ty Cổ phần Bột giặt Lix', N'Phùng Bảo Khang', N'Nghệ An', N'La Gi', 5, 'LH000000', 676)
INSERT dbo.DOI_TAC(MADT, MATK, TEN_DOI_TAC, NGUOI_DAI_DIEN, THANH_PHO, QUAN, SO_CHI_NHANH, MALH, SO_LUONG_DON) VALUES (N'DT000005', 'TK000025', N'Công ty Cổ phần Tập đoàn đầu tư địa ốc No Va', N'Phạm Như Tường', N'Lai Châu', N'Hoành Bồ', 2, 'LH000001', 337)
INSERT dbo.DOI_TAC(MADT, MATK, TEN_DOI_TAC, NGUOI_DAI_DIEN, THANH_PHO, QUAN, SO_CHI_NHANH, MALH, SO_LUONG_DON) VALUES (N'DT000006', 'TK000026', N'Công ty TNHH Hasaki Beauty & Spa', N'Đặng Tú Toàn', N'Điện Biên', N'Hải An', 3, 'LH000005', 419)
INSERT dbo.DOI_TAC(MADT, MATK, TEN_DOI_TAC, NGUOI_DAI_DIEN, THANH_PHO, QUAN, SO_CHI_NHANH, MALH, SO_LUONG_DON) VALUES (N'DT000007', 'TK000027', N'Công ty TNHH MTV Thương mại Dịch vụ Blue Ocean', N'Vũ Bách Ái', N'Cao Bằng ', N'8', 5, 'LH000003', 261)
INSERT dbo.DOI_TAC(MADT, MATK, TEN_DOI_TAC, NGUOI_DAI_DIEN, THANH_PHO, QUAN, SO_CHI_NHANH, MALH, SO_LUONG_DON) VALUES (N'DT000008', 'TK000028', N'Công ty Cổ phần Transimex', N'Đinh Từ Ý', N'Bến Tre', N'9', 5, 'LH000001', 321)
INSERT dbo.DOI_TAC(MADT, MATK, TEN_DOI_TAC, NGUOI_DAI_DIEN, THANH_PHO, QUAN, SO_CHI_NHANH, MALH, SO_LUONG_DON) VALUES (N'DT000009', 'TK000029', N'Công ty Cổ phần Kids Plaza', N'Thái Nhật Ngân', N'Thái Bình', N'Bình Liêu', 5, 'LH000003', 978)
INSERT dbo.DOI_TAC(MADT, MATK, TEN_DOI_TAC, NGUOI_DAI_DIEN, THANH_PHO, QUAN, SO_CHI_NHANH, MALH, SO_LUONG_DON) VALUES (N'DT000010', 'TK000030', N'Công ty Cổ phần Gemadept', N'Bùi Trường Phúc', N'Kon Tum', N'Thạnh Hóa', 10, 'LH000003', 890)

GO
--
-- Inserting data into table dbo.HOP_DONG
--
INSERT dbo.HOP_DONG(MAHD, MADT, NGAY_KY, NGAY_HET_HAN, SO_CHI_NHANH_DK, MA_SO_THUE, HOA_HONG) VALUES (N'HD000001', 'DT000001', '2018-11-20','2021-12-20', 2, '3828212760', 0.1)
INSERT dbo.HOP_DONG VALUES (N'HD000002', 'DT000002', '2020-12-01','2021-12-01', 2, '5108277637', 0.1)
INSERT dbo.HOP_DONG VALUES (N'HD000003', 'DT000003', '2020-11-20','2023-12-20', 2, '7237856807', 0.1)
INSERT dbo.HOP_DONG VALUES (N'HD000004', 'DT000004', '2019-05-09','2022-05-09', 4, '6637667863', 0.1)
INSERT dbo.HOP_DONG VALUES (N'HD000005', 'DT000005', '2020-11-15', '2021-12-10', 2, '1903254449', 0.07)
INSERT dbo.HOP_DONG VALUES (N'HD000006', 'DT000006', '2020-12-20', '2021-12-20', 2, '7614524274', 0.1)
INSERT dbo.HOP_DONG VALUES (N'HD000007', 'DT000007', '2019-11-30', '2021-11-30', 5, '7148514583', 0.1)
INSERT dbo.HOP_DONG VALUES (N'HD000008', 'DT000008', '2017-05-02', '2022-05-02', 5, '7015511458', 0.1)
INSERT dbo.HOP_DONG VALUES (N'HD000009', 'DT000009', '2019-12-10', '2021-12-10', 3, '4287475657', 0.07)
INSERT dbo.HOP_DONG VALUES (N'HD000010', 'DT000010', '2016-12-25', '2021-12-25', 2, '2394321283', 0.1)

GO


--
-- Inserting data into table dbo.LICH_SU_HOP_DONG
--
INSERT dbo.LICH_SU_HOP_DONG(MAHD, STT, NGAY_KY, NGAY_HET_HAN) VALUES (N'HD000001', 1, '2014-06-01', '2016-06-01')
INSERT dbo.LICH_SU_HOP_DONG VALUES (N'HD000001', 2, '2016-06-10','2018-06-10')
INSERT dbo.LICH_SU_HOP_DONG VALUES (N'HD000001', 3, '2018-11-20','2021-12-20')
INSERT dbo.LICH_SU_HOP_DONG VALUES (N'HD000002', 1, '2019-04-30','2020-04-30')
INSERT dbo.LICH_SU_HOP_DONG VALUES (N'HD000002', 2, '2020-12-01','2021-12-01')
INSERT dbo.LICH_SU_HOP_DONG VALUES (N'HD000003', 1, '2020-11-20','2023-12-20')
INSERT dbo.LICH_SU_HOP_DONG VALUES (N'HD000004', 1, '2019-05-09','2022-05-09')
INSERT dbo.LICH_SU_HOP_DONG VALUES (N'HD000005', 1, '2017-01-10','2018-01-10')
INSERT dbo.LICH_SU_HOP_DONG VALUES (N'HD000005', 2, '2018-01-15','2019-01-15')
INSERT dbo.LICH_SU_HOP_DONG VALUES (N'HD000005', 3, '2019-02-01','2020-02-01')
INSERT dbo.LICH_SU_HOP_DONG VALUES (N'HD000005', 4, '2020-11-15', '2021-12-10')
INSERT dbo.LICH_SU_HOP_DONG VALUES (N'HD000006', 1, '2020-12-20', '2021-12-20')
INSERT dbo.LICH_SU_HOP_DONG VALUES (N'HD000007', 1, '2019-11-30', '2021-11-30')
INSERT dbo.LICH_SU_HOP_DONG VALUES (N'HD000008', 1, '2015-03-01', '2017-03-01')
INSERT dbo.LICH_SU_HOP_DONG VALUES (N'HD000008', 2, '2017-05-02', '2022-05-02')
INSERT dbo.LICH_SU_HOP_DONG VALUES (N'HD000009', 1, '2016-12-10', '2016-12-10')
INSERT dbo.LICH_SU_HOP_DONG VALUES (N'HD000009', 2, '2016-12-10', '2017-12-10')
INSERT dbo.LICH_SU_HOP_DONG VALUES (N'HD000009', 3, '2017-12-10', '2019-12-10')
INSERT dbo.LICH_SU_HOP_DONG VALUES (N'HD000009', 4, '2019-12-10', '2021-12-10')
INSERT dbo.LICH_SU_HOP_DONG VALUES (N'HD0000010', 1, '2016-12-25', '2021-12-25')
GO

--
-- Inserting data into table dbo.CHI_NHANH
--
INSERT dbo.CHI_NHANH(MACN, MADT, MAHD, DUONG, PHUONG, QUAN, THANH_PHO) VALUES (N'CN000001', 'DT000001', NULL, N'25 Hà Tôn Quyền', N'An Khánh', N'Tân Hưng', N'Long An')
INSERT dbo.CHI_NHANH(MACN, MADT, MAHD, DUONG, PHUONG, QUAN, THANH_PHO) VALUES (N'CN000002', 'DT000001', 'HD000001', N'88 Đường số 64', N'Bến Thành', N'1',N'TP. Hồ Chí Minh')
INSERT dbo.CHI_NHANH(MACN, MADT, MAHD, DUONG, PHUONG, QUAN, THANH_PHO) VALUES (N'CN000003', 'DT000001', 'HD000001', N'96 Đường số 43', N'Cầu Kho', N'Vĩnh Cửu', N'Đồng Nai')
INSERT dbo.CHI_NHANH(MACN, MADT, MAHD, DUONG, PHUONG, QUAN, THANH_PHO) VALUES (N'CN000004', 'DT000001', NULL, N'22 Đường số 59', N'Thạnh Lộc', N'Bến Lức', N'Long An')
INSERT dbo.CHI_NHANH(MACN, MADT, MAHD, DUONG, PHUONG, QUAN, THANH_PHO) VALUES (N'CN000005', 'DT000001', NULL, N'77 Bình Trưng', N'Nhơn Đức', N'Kiến An', N'Hà Nam')
INSERT dbo.CHI_NHANH(MACN, MADT, MAHD, DUONG, PHUONG, QUAN, THANH_PHO) VALUES (N'CN000006', 'DT000001', NULL, N'92 Huỳnh Khương Ninh', N'Linh Tây', N'Tân Phú', N'TP. Hồ Chí Minh')
INSERT dbo.CHI_NHANH(MACN, MADT, MAHD, DUONG, PHUONG, QUAN, THANH_PHO) VALUES (N'CN000007', 'DT000002', NULL, N'43 Đường 37A khu C', N'Cầu Ông Lãnh', N'Bình Thạnh', N'TP. Hồ Chí Minh')
INSERT dbo.CHI_NHANH(MACN, MADT, MAHD, DUONG, PHUONG, QUAN, THANH_PHO) VALUES (N'CN000008', 'DT000002', NULL, N'59 3 Tháng 2', N'Bến Nghé', N'Thủ Đức', N'TP. Hồ Chí Minh')
INSERT dbo.CHI_NHANH(MACN, MADT, MAHD, DUONG, PHUONG, QUAN, THANH_PHO) VALUES (N'CN000009', 'DT000002', NULL, N'68 Gò Công', N'Cầu Ông Lãnh', N'9', N'Quảng Bình')
INSERT dbo.CHI_NHANH(MACN, MADT, MAHD, DUONG, PHUONG, QUAN, THANH_PHO) VALUES (N'CN000010', 'DT000002', 'HD000002', N'65 Đặng Hữu Đông', N'Tam Thôn Hiệp', N'Cẩm Mỹ', N'Lào Cai')
INSERT dbo.CHI_NHANH(MACN, MADT, MAHD, DUONG, PHUONG, QUAN, THANH_PHO) VALUES (N'CN000011', 'DT000002', 'HD000002', N'85 Đường số 39', N'Bình Khánh', N'Trà Ôn', N'Nam Định')
INSERT dbo.CHI_NHANH(MACN, MADT, MAHD, DUONG, PHUONG, QUAN, THANH_PHO) VALUES (N'CN000012', 'DT000003', 'HD000003', N'92 Nam Quốc Cang', N'Phú Xuân', N'4', N'Long An')
INSERT dbo.CHI_NHANH(MACN, MADT, MAHD, DUONG, PHUONG, QUAN, THANH_PHO) VALUES (N'CN000013', 'DT000003', 'HD000003', N'76 Thạch Thị Thanh', N'Phước Lộc', N'Long Hồ', N'Vĩnh Long')
INSERT dbo.CHI_NHANH(MACN, MADT, MAHD, DUONG, PHUONG, QUAN, THANH_PHO) VALUES (N'CN000014', 'DT000003', NULL, N'51 Đặng Thái Thân', N'Linh Đông', N'4', N'TP. Hồ Chí Minh')
INSERT dbo.CHI_NHANH(MACN, MADT, MAHD, DUONG, PHUONG, QUAN, THANH_PHO) VALUES (N'CN000015', 'DT000003', NULL, N'52 Gia Phú', N'Bình An', N'Ba Tri', N'Bến Tre')
INSERT dbo.CHI_NHANH(MACN, MADT, MAHD, DUONG, PHUONG, QUAN, THANH_PHO) VALUES (N'CN000016', 'DT000004', 'HD000004', N'65 Đường số 54', N'Cát Lái', N'Phú Nhuận', N'TP. Hồ Chí Minh')
INSERT dbo.CHI_NHANH(MACN, MADT, MAHD, DUONG, PHUONG, QUAN, THANH_PHO) VALUES (N'CN000017', 'DT000004', 'HD000004', N'49 Nguyễn Quý Cảnh', N'Tam Phú', N'Đống Đa', N'Hà Nội')
INSERT dbo.CHI_NHANH(MACN, MADT, MAHD, DUONG, PHUONG, QUAN, THANH_PHO) VALUES (N'CN000018', 'DT000004', 'HD000004', N'83 Bắc Hải', N'Bình Khánh', N'Hoài Đức', N'TP. Hồ Chí Minh')
INSERT dbo.CHI_NHANH(MACN, MADT, MAHD, DUONG, PHUONG, QUAN, THANH_PHO) VALUES (N'CN000019', 'DT000004', 'HD000004', N'96 Đường số 21', N'Cần Thạnh', N'Gò Dầu', N'TP. Hồ Chí Minh')
INSERT dbo.CHI_NHANH(MACN, MADT, MAHD, DUONG, PHUONG, QUAN, THANH_PHO) VALUES (N'CN000020', 'DT000004', NULL, N'47 Hồ Thị Kỷ', N'Cầu Ông Lãnh', N'Quảng Yên', N'Quảng Bình')
INSERT dbo.CHI_NHANH(MACN, MADT, MAHD, DUONG, PHUONG, QUAN, THANH_PHO) VALUES (N'CN000021', 'DT000005', 'HD000005', N'86 Phan Văn Trường', N'Thạnh An', N'Thường Tín', N'Thừa Thiên Huế')
INSERT dbo.CHI_NHANH(MACN, MADT, MAHD, DUONG, PHUONG, QUAN, THANH_PHO) VALUES (N'CN000022', 'DT000005', 'HD000005', N'18 Hồ Huấn Nghiệp', N'Thạnh Lộc', N'10', N'TP. Hồ Chí Minh')
INSERT dbo.CHI_NHANH(MACN, MADT, MAHD, DUONG, PHUONG, QUAN, THANH_PHO) VALUES (N'CN000023', 'DT000006', 'HD000006', N'41 Phan Ngữ', N'Bình Thọ', N'Củ Chi', N'TP. Hồ Chí Minh')
INSERT dbo.CHI_NHANH(MACN, MADT, MAHD, DUONG, PHUONG, QUAN, THANH_PHO) VALUES (N'CN000024', 'DT000006', 'HD000006', N'38 Vĩnh Viễn', N'Cô Giang', N'Quảng Yên', N'Thái Bình')
INSERT dbo.CHI_NHANH(MACN, MADT, MAHD, DUONG, PHUONG, QUAN, THANH_PHO) VALUES (N'CN000025', 'DT000006', NULL, N'74 Bình Trưng Đông', N'An Lợi Đông', N'An Dương', N'Long An')
INSERT dbo.CHI_NHANH(MACN, MADT, MAHD, DUONG, PHUONG, QUAN, THANH_PHO) VALUES (N'CN000026', 'DT000007', 'HD000007', N'23 Nguyễn Ngọc Lộc', N'Lý Nhơn', N'Hoàng Mai', N'Ninh Bình')
INSERT dbo.CHI_NHANH(MACN, MADT, MAHD, DUONG, PHUONG, QUAN, THANH_PHO) VALUES (N'CN000027', 'DT000007', 'HD000007', N'34 Cửu Long', N'Tân Thới Nhất', N'9', N'TP. Hồ Chí Minh')
INSERT dbo.CHI_NHANH(MACN, MADT, MAHD, DUONG, PHUONG, QUAN, THANH_PHO) VALUES (N'CN000028', 'DT000007', 'HD000007', N'97 Hồ Bá Kiện', N'Phạm Ngũ Lão', N'Quảng Yên', N'Bình Thuận')
INSERT dbo.CHI_NHANH(MACN, MADT, MAHD, DUONG, PHUONG, QUAN, THANH_PHO) VALUES (N'CN000029', 'DT000007', 'HD000007', N'77 Đường số 38', N'Bến Thành', N'Tiên Lãng', N'Đồng Tháp')
INSERT dbo.CHI_NHANH(MACN, MADT, MAHD, DUONG, PHUONG, QUAN, THANH_PHO) VALUES (N'CN000030', 'DT000007', 'HD000007', N'83 Chiêu Anh Các', N'Phú Xuân', N'Dương Minh Châu', N'Tây Ninh')
INSERT dbo.CHI_NHANH(MACN, MADT, MAHD, DUONG, PHUONG, QUAN, THANH_PHO) VALUES (N'CN000031', 'DT000008', 'HD000008', N'29 Trường Chinh', N'Linh Xuân', N'Trảng Bàng', N'Tây Ninh')
INSERT dbo.CHI_NHANH(MACN, MADT, MAHD, DUONG, PHUONG, QUAN, THANH_PHO) VALUES (N'CN000032', 'DT000008', 'HD000008', N'31 Đường số 35', N'Bình Khánh', N'2', N'TP. Hồ Chí Minh')
INSERT dbo.CHI_NHANH(MACN, MADT, MAHD, DUONG, PHUONG, QUAN, THANH_PHO) VALUES (N'CN000033', 'DT000008', 'HD000008', N'55 Đường số 10', N'Cần Thạnh', N'3', N'TP. Hồ Chí Minh')
INSERT dbo.CHI_NHANH(MACN, MADT, MAHD, DUONG, PHUONG, QUAN, THANH_PHO) VALUES (N'CN000034', 'DT000008', 'HD000008', N'31 Lê Văn Miến', N'Linh Trung', N'Vĩnh Bảo', N'Bạc Liêu')
INSERT dbo.CHI_NHANH(MACN, MADT, MAHD, DUONG, PHUONG, QUAN, THANH_PHO) VALUES (N'CN000035', 'DT000008', 'HD000008', N'28 Vũ Tông Phan', N'Tam Thôn Hiệp', N'Tây Hồ', N'Long An')
INSERT dbo.CHI_NHANH(MACN, MADT, MAHD, DUONG, PHUONG, QUAN, THANH_PHO) VALUES (N'CN000036', 'DT000009', 'HD000009', N'94 Nguyễn Thi', N'Tân Thới Nhất', N'Hoài Đức', N'Hà Nội')
INSERT dbo.CHI_NHANH(MACN, MADT, MAHD, DUONG, PHUONG, QUAN, THANH_PHO) VALUES (N'CN000037', 'DT000009', 'HD000009', N'59 Huỳnh Khương Ninh', N'Tân Thới Hiệp', N'Đông Anh', N'Hà Nội')
INSERT dbo.CHI_NHANH(MACN, MADT, MAHD, DUONG, PHUONG, QUAN, THANH_PHO) VALUES (N'CN000038', 'DT000009', 'HD000009', N'53 Ngô Quyền', N'Nguyễn Thái Bình', N'Long Thành', N'Hải Dương')
INSERT dbo.CHI_NHANH(MACN, MADT, MAHD, DUONG, PHUONG, QUAN, THANH_PHO) VALUES (N'CN000039', 'DT000009', NULL, N'12 Trần Nhật Duật', N'An Khánh', N'Sơn Tây', N'Long An')
INSERT dbo.CHI_NHANH(MACN, MADT, MAHD, DUONG, PHUONG, QUAN, THANH_PHO) VALUES (N'CN000040', 'DT000009', NULL, N'72 Đường số 7 ', N'Cầu Kho', N'7', N'TP. Hồ Chí Minh')
INSERT dbo.CHI_NHANH(MACN, MADT, MAHD, DUONG, PHUONG, QUAN, THANH_PHO) VALUES (N'CN000041', 'DT000010', NULL, N'74 Nguyễn Công Chứ', N'Cô Giang', N'Lê Chân', N'Hà Nội')
INSERT dbo.CHI_NHANH(MACN, MADT, MAHD, DUONG, PHUONG, QUAN, THANH_PHO) VALUES (N'CN000042', 'DT000010', NULL, N'33 Đường số 54', N'Nhơn Đức', N'Hóc Môn', N'TP. Hồ Chí Minh')
INSERT dbo.CHI_NHANH(MACN, MADT, MAHD, DUONG, PHUONG, QUAN, THANH_PHO) VALUES (N'CN000043', 'DT000010', NULL, N'53 Trần Bình Trọng', N'Bến Thành', N'Trảng Bom', N'Long An')
INSERT dbo.CHI_NHANH(MACN, MADT, MAHD, DUONG, PHUONG, QUAN, THANH_PHO) VALUES (N'CN000044', 'DT000010', NULL, N'33 Lý Văn Phức', N'Linh Tây', N'Thủ Đức', N'TP. Hồ Chí Minh')
INSERT dbo.CHI_NHANH(MACN, MADT, MAHD, DUONG, PHUONG, QUAN, THANH_PHO) VALUES (N'CN000045', 'DT000010', NULL, N'74 Khánh Hội', N'Trường Thọ', N'Cần Đước', N'Sóc Trăng')
INSERT dbo.CHI_NHANH(MACN, MADT, MAHD, DUONG, PHUONG, QUAN, THANH_PHO) VALUES (N'CN000046', 'DT000010', NULL, N'94 Lê Văn Hưu', N'Bình Trưng Đông', N'Móng Cái', N'Quảng Ninh')
INSERT dbo.CHI_NHANH(MACN, MADT, MAHD, DUONG, PHUONG, QUAN, THANH_PHO) VALUES (N'CN000047', 'DT000010', NULL, N'88 Đường số 63', N'Cầu Ông Lãnh', N'Cầu Giấy', N'Lạng Sơn')
INSERT dbo.CHI_NHANH(MACN, MADT, MAHD, DUONG, PHUONG, QUAN, THANH_PHO) VALUES (N'CN000048', 'DT000010', NULL, N'87 Đường số 10F', N'Cầu Ông Lãnh', N'Hoà An', N'Hải Phòng')
INSERT dbo.CHI_NHANH(MACN, MADT, MAHD, DUONG, PHUONG, QUAN, THANH_PHO) VALUES (N'CN000049', 'DT000010', 'HD000010', N'37 Võ Văn Tần', N'Linh Xuân', N'2', N'TP. Hồ Chí Minh')
INSERT dbo.CHI_NHANH(MACN, MADT, MAHD, DUONG, PHUONG, QUAN, THANH_PHO) VALUES (N'CN000050', 'DT000010', 'HD000010', N'34 Hồ Bá Kiện', N'Nhơn Đức', N'Ba Tri', N'Tuyên Quang')
GO

--
-- Inserting data into table dbo.DON_HANG
--
INSERT dbo.DON_HANG(MADH, MAKH, MADT, PHI_SAN_PHAM, PHI_VAN_CHUYEN, PHI_GIAM, TONG_PHI, TRANG_THAI, HINH_THUC_THANH_TOAN, DUONG, PHUONG, QUAN, THANH_PHO) VALUES (N'DH000001', 'KH000002', 'DT000005', 1276139, 75840, 95380, 4186391, N'Đã giao hàng', N'Thẻ ghi nợ', N'19/5 Nguyễn Đăng Giai', N'Thạnh Mỹ Lợi', N'Tân An', N'Long An')
INSERT dbo.DON_HANG(MADH, MAKH, MADT, PHI_SAN_PHAM, PHI_VAN_CHUYEN, PHI_GIAM, TONG_PHI, TRANG_THAI, HINH_THUC_THANH_TOAN, DUONG, PHUONG, QUAN, THANH_PHO) VALUES (N'DH000002', 'KH000001', 'DT000003', 53624, 31386, 39951, 384760, N'Đã hủy', N'Thẻ tín dụng', N'86/6 Tân Phước', N'Thảo Điền', N'Quốc Oai', N'Hà Nội')
INSERT dbo.DON_HANG(MADH, MAKH, MADT, PHI_SAN_PHAM, PHI_VAN_CHUYEN, PHI_GIAM, TONG_PHI, TRANG_THAI, HINH_THUC_THANH_TOAN, DUONG, PHUONG, QUAN, THANH_PHO) VALUES (N'DH000003', 'KH000006', 'DT000007', 1981946, 52951, 58210, 9915008, N'Đã xác nhận', N'Thẻ tín dụng', N'52/7 Phan Chu Chinh', N'Tân Thới Hiệp', N'7', N'TP. Hồ Chí Minh')
INSERT dbo.DON_HANG(MADH, MAKH, MADT, PHI_SAN_PHAM, PHI_VAN_CHUYEN, PHI_GIAM, TONG_PHI, TRANG_THAI, HINH_THUC_THANH_TOAN, DUONG, PHUONG, QUAN, THANH_PHO) VALUES (N'DH000004', 'KH000002', 'DT000001', 8677412, 81395, 67536, 7456430, N'Đã giao hàng', N'Thanh toán khi nhận hàng', N'19/5 Nguyễn Đăng Giai', N'Thạnh Mỹ Lợi', N'Tân An', N'Long An')
INSERT dbo.DON_HANG(MADH, MAKH, MADT, PHI_SAN_PHAM, PHI_VAN_CHUYEN, PHI_GIAM, TONG_PHI, TRANG_THAI, HINH_THUC_THANH_TOAN, DUONG, PHUONG, QUAN, THANH_PHO) VALUES (N'DH000005', 'KH000007', 'DT000009', 2175512, 73520, 55456, 8980861, N'Đã xác nhận', N'Thẻ tín dụng', N'61/2 Phan Bội Châu', N'Bến Thành', N'2', N'TP. Hồ Chí Minh')
INSERT dbo.DON_HANG(MADH, MAKH, MADT, PHI_SAN_PHAM, PHI_VAN_CHUYEN, PHI_GIAM, TONG_PHI, TRANG_THAI, HINH_THUC_THANH_TOAN, DUONG, PHUONG, QUAN, THANH_PHO) VALUES (N'DH000006', 'KH000003', 'DT000002', 2216099, 70191, 79029, 1862153, N'Đã hủy', N'Thanh toán khi nhận hàng', N'76/8 Hoàng Sa', N'Tân Thới Nhất', N'Bình Thạnh', N'TP. Hồ Chí Minh')
INSERT dbo.DON_HANG(MADH, MAKH, MADT, PHI_SAN_PHAM, PHI_VAN_CHUYEN, PHI_GIAM, TONG_PHI, TRANG_THAI, HINH_THUC_THANH_TOAN, DUONG, PHUONG, QUAN, THANH_PHO) VALUES (N'DH000007', 'KH000007', 'DT000008', 5062574, 87212, 38949, 2647848, N'Đang giao hàng', N'Thẻ ghi nợ', N'91/5 Vũ Chí Hiếu', N'Bình An', N'10', N'TP. Hồ Chí Minh')
INSERT dbo.DON_HANG(MADH, MAKH, MADT, PHI_SAN_PHAM, PHI_VAN_CHUYEN, PHI_GIAM, TONG_PHI, TRANG_THAI, HINH_THUC_THANH_TOAN, DUONG, PHUONG, QUAN, THANH_PHO) VALUES (N'DH000008', 'KH000004', 'DT000007', 5577232, 54238, 74852, 2763534, N'Đang giao hàng', N'Thẻ ghi nợ', N'23/8 Bến Bãi Sậy', N'Bình Thọ', N'Biên Hòa', N'Đồng Nai')
INSERT dbo.DON_HANG(MADH, MAKH, MADT, PHI_SAN_PHAM, PHI_VAN_CHUYEN, PHI_GIAM, TONG_PHI, TRANG_THAI, HINH_THUC_THANH_TOAN, DUONG, PHUONG, QUAN, THANH_PHO) VALUES (N'DH000009', 'KH000001', 'DT000006', 9185494, 52876, 59022, 1344796, N'Đã giao hàng', N'Thẻ tín dụng', N'86/6 Tân Phước', N'Thảo Điền', N'Quốc Oai', N'Hà Nội')
INSERT dbo.DON_HANG(MADH, MAKH, MADT, PHI_SAN_PHAM, PHI_VAN_CHUYEN, PHI_GIAM, TONG_PHI, TRANG_THAI, HINH_THUC_THANH_TOAN, DUONG, PHUONG, QUAN, THANH_PHO) VALUES (N'DH000010', 'KH000003', 'DT000002', 578803, 72690, 65358, 582959, N'Đang giao hàng', N'Thẻ tín dụng', N'54/5 Nguyễn Thị Nghĩa', N'Tân Thới Hiệp', N'Hà Đông', N'Hà Nội')
INSERT dbo.DON_HANG(MADH, MAKH, MADT, PHI_SAN_PHAM, PHI_VAN_CHUYEN, PHI_GIAM, TONG_PHI, TRANG_THAI, HINH_THUC_THANH_TOAN, DUONG, PHUONG, QUAN, THANH_PHO) VALUES (N'DH000011', 'KH000007', 'DT000006', 4755654, 27727, 65011, 2409301, N'Đang giao hàng', N'Thẻ ghi nợ', N'61/2 Phan Bội Châu', N'Bến Thành', N'2', N'TP. Hồ Chí Minh')
INSERT dbo.DON_HANG(MADH, MAKH, MADT, PHI_SAN_PHAM, PHI_VAN_CHUYEN, PHI_GIAM, TONG_PHI, TRANG_THAI, HINH_THUC_THANH_TOAN, DUONG, PHUONG, QUAN, THANH_PHO) VALUES (N'DH000012', 'KH000002', 'DT000005', 1279896, 20693, 32093, 4049681, N'Đã xác nhận', N'Thẻ ghi nợ', N'19/5 Nguyễn Đăng Giai', N'Thạnh Mỹ Lợi', N'Tân An', N'Long An')
INSERT dbo.DON_HANG(MADH, MAKH, MADT, PHI_SAN_PHAM, PHI_VAN_CHUYEN, PHI_GIAM, TONG_PHI, TRANG_THAI, HINH_THUC_THANH_TOAN, DUONG, PHUONG, QUAN, THANH_PHO) VALUES (N'DH000013', 'KH000007', 'DT000004', 1461934, 44090, 40954, 7664812, N'Đang giao hàng', N'Thẻ tín dụng', N'61/2 Phan Bội Châu', N'Bến Thành', N'2', N'TP. Hồ Chí Minh')
INSERT dbo.DON_HANG(MADH, MAKH, MADT, PHI_SAN_PHAM, PHI_VAN_CHUYEN, PHI_GIAM, TONG_PHI, TRANG_THAI, HINH_THUC_THANH_TOAN, DUONG, PHUONG, QUAN, THANH_PHO) VALUES (N'DH000014', 'KH000008', 'DT000005', 6432080, 99011, 70328, 8362105, N'Đã xác nhận', N'Ngân hàng liên kết', N'87/5 Trần Quốc Dung', N'Hiệp Bình Chánh', N'Hà Đông', N'Hà Nội')
INSERT dbo.DON_HANG(MADH, MAKH, MADT, PHI_SAN_PHAM, PHI_VAN_CHUYEN, PHI_GIAM, TONG_PHI, TRANG_THAI, HINH_THUC_THANH_TOAN, DUONG, PHUONG, QUAN, THANH_PHO) VALUES (N'DH000015', 'KH000003', 'DT000004', 6447976, 49374, 20936, 5801512, N'Đặt hàng', N'Ngân hàng liên kết', N'33/2 Mạc Đĩnh Chi', N'Linh Trung', N'Vĩnh Cữi', N'Đồng Nai')

GO

--
-- Inserting data into table dbo.CHI_TIET_DON_HANG
--
INSERT dbo.CHI_TIET_DON_HANG(MADH, MASP, SO_LUONG, THANH_TIEN) VALUES (N'DH000001', N'SP000004', 2, 9157007)
INSERT dbo.CHI_TIET_DON_HANG(MADH, MASP, SO_LUONG, THANH_TIEN) VALUES (N'DH000001', N'SP000008', 6, 6297282)
INSERT dbo.CHI_TIET_DON_HANG(MADH, MASP, SO_LUONG, THANH_TIEN) VALUES (N'DH000001', N'SP000003', 3, 3352206)
INSERT dbo.CHI_TIET_DON_HANG(MADH, MASP, SO_LUONG, THANH_TIEN) VALUES (N'DH000002', N'SP000003', 2, 4042841)
INSERT dbo.CHI_TIET_DON_HANG(MADH, MASP, SO_LUONG, THANH_TIEN) VALUES (N'DH000002', N'SP000013', 4, 7364976)
INSERT dbo.CHI_TIET_DON_HANG(MADH, MASP, SO_LUONG, THANH_TIEN) VALUES (N'DH000003', N'SP000007', 5, 8874858)
INSERT dbo.CHI_TIET_DON_HANG(MADH, MASP, SO_LUONG, THANH_TIEN) VALUES (N'DH000003', N'SP000016', 3, 2063699)
INSERT dbo.CHI_TIET_DON_HANG(MADH, MASP, SO_LUONG, THANH_TIEN) VALUES (N'DH000004', N'SP000005', 4, 8041892)
INSERT dbo.CHI_TIET_DON_HANG(MADH, MASP, SO_LUONG, THANH_TIEN) VALUES (N'DH000004', N'SP000003', 3, 7650245)
INSERT dbo.CHI_TIET_DON_HANG(MADH, MASP, SO_LUONG, THANH_TIEN) VALUES (N'DH000004', N'SP000008', 2, 7039042)
INSERT dbo.CHI_TIET_DON_HANG(MADH, MASP, SO_LUONG, THANH_TIEN) VALUES (N'DH000005', N'SP000012', 2, 5974424)
INSERT dbo.CHI_TIET_DON_HANG(MADH, MASP, SO_LUONG, THANH_TIEN) VALUES (N'DH000005', N'SP000004', 1, 7595514)
INSERT dbo.CHI_TIET_DON_HANG(MADH, MASP, SO_LUONG, THANH_TIEN) VALUES (N'DH000005', N'SP000013', 4, 6170017)
INSERT dbo.CHI_TIET_DON_HANG(MADH, MASP, SO_LUONG, THANH_TIEN) VALUES (N'DH000005', N'SP000010', 7, 4240635)
INSERT dbo.CHI_TIET_DON_HANG(MADH, MASP, SO_LUONG, THANH_TIEN) VALUES (N'DH000006', N'SP000005', 4, 4751830)
INSERT dbo.CHI_TIET_DON_HANG(MADH, MASP, SO_LUONG, THANH_TIEN) VALUES (N'DH000006', N'SP000006', 2, 5168074)
INSERT dbo.CHI_TIET_DON_HANG(MADH, MASP, SO_LUONG, THANH_TIEN) VALUES (N'DH000006', N'SP000014', 5, 3264935)
INSERT dbo.CHI_TIET_DON_HANG(MADH, MASP, SO_LUONG, THANH_TIEN) VALUES (N'DH000006', N'SP000008', 3, 9966131)
INSERT dbo.CHI_TIET_DON_HANG(MADH, MASP, SO_LUONG, THANH_TIEN) VALUES (N'DH000006', N'SP000002', 7, 7824655)
INSERT dbo.CHI_TIET_DON_HANG(MADH, MASP, SO_LUONG, THANH_TIEN) VALUES (N'DH000006', N'SP000010', 6, 3493502)
INSERT dbo.CHI_TIET_DON_HANG(MADH, MASP, SO_LUONG, THANH_TIEN) VALUES (N'DH000007', N'SP000014', 3, 7513409)
INSERT dbo.CHI_TIET_DON_HANG(MADH, MASP, SO_LUONG, THANH_TIEN) VALUES (N'DH000007', N'SP000009', 1, 4105831)
INSERT dbo.CHI_TIET_DON_HANG(MADH, MASP, SO_LUONG, THANH_TIEN) VALUES (N'DH000007', N'SP000001', 5, 2767925)
INSERT dbo.CHI_TIET_DON_HANG(MADH, MASP, SO_LUONG, THANH_TIEN) VALUES (N'DH000007', N'SP000004', 7, 5644307)
INSERT dbo.CHI_TIET_DON_HANG(MADH, MASP, SO_LUONG, THANH_TIEN) VALUES (N'DH000008', N'SP000010', 5, 5104459)
INSERT dbo.CHI_TIET_DON_HANG(MADH, MASP, SO_LUONG, THANH_TIEN) VALUES (N'DH000008', N'SP000009', 2, 8601970)
INSERT dbo.CHI_TIET_DON_HANG(MADH, MASP, SO_LUONG, THANH_TIEN) VALUES (N'DH000008', N'SP000007', 1, 9919138)
INSERT dbo.CHI_TIET_DON_HANG(MADH, MASP, SO_LUONG, THANH_TIEN) VALUES (N'DH000008', N'SP000015', 4, 1762722)
INSERT dbo.CHI_TIET_DON_HANG(MADH, MASP, SO_LUONG, THANH_TIEN) VALUES (N'DH000008', N'SP000005', 4, 5592412)
INSERT dbo.CHI_TIET_DON_HANG(MADH, MASP, SO_LUONG, THANH_TIEN) VALUES (N'DH000009', N'SP000002', 3, 3886580)
INSERT dbo.CHI_TIET_DON_HANG(MADH, MASP, SO_LUONG, THANH_TIEN) VALUES (N'DH000009', N'SP000010', 2, 753957)
INSERT dbo.CHI_TIET_DON_HANG(MADH, MASP, SO_LUONG, THANH_TIEN) VALUES (N'DH000009', N'SP000011', 3, 4254927)
INSERT dbo.CHI_TIET_DON_HANG(MADH, MASP, SO_LUONG, THANH_TIEN) VALUES (N'DH000009', N'SP000003', 9, 1186995)
INSERT dbo.CHI_TIET_DON_HANG(MADH, MASP, SO_LUONG, THANH_TIEN) VALUES (N'DH000009', N'SP000002', 7, 4735372)
INSERT dbo.CHI_TIET_DON_HANG(MADH, MASP, SO_LUONG, THANH_TIEN) VALUES (N'DH000010', N'SP000011', 7, 5004433)
INSERT dbo.CHI_TIET_DON_HANG(MADH, MASP, SO_LUONG, THANH_TIEN) VALUES (N'DH000010', N'SP000000', 4, 6745467)
INSERT dbo.CHI_TIET_DON_HANG(MADH, MASP, SO_LUONG, THANH_TIEN) VALUES (N'DH000010', N'SP000005', 1, 845157)
INSERT dbo.CHI_TIET_DON_HANG(MADH, MASP, SO_LUONG, THANH_TIEN) VALUES (N'DH000011', N'SP000011', 5, 6578726)
INSERT dbo.CHI_TIET_DON_HANG(MADH, MASP, SO_LUONG, THANH_TIEN) VALUES (N'DH000011', N'SP000012', 4, 6490833)
INSERT dbo.CHI_TIET_DON_HANG(MADH, MASP, SO_LUONG, THANH_TIEN) VALUES (N'DH000011', N'SP000004', 7, 7156621)
INSERT dbo.CHI_TIET_DON_HANG(MADH, MASP, SO_LUONG, THANH_TIEN) VALUES (N'DH000012', N'SP000006', 1, 3219287)
INSERT dbo.CHI_TIET_DON_HANG(MADH, MASP, SO_LUONG, THANH_TIEN) VALUES (N'DH000012', N'SP000006', 1, 2210103)
INSERT dbo.CHI_TIET_DON_HANG(MADH, MASP, SO_LUONG, THANH_TIEN) VALUES (N'DH000013', N'SP000012', 2, 7314997)
INSERT dbo.CHI_TIET_DON_HANG(MADH, MASP, SO_LUONG, THANH_TIEN) VALUES (N'DH000013', N'SP000007', 4, 7195042)
INSERT dbo.CHI_TIET_DON_HANG(MADH, MASP, SO_LUONG, THANH_TIEN) VALUES (N'DH000014', N'SP000001', 6, 5050973)
INSERT dbo.CHI_TIET_DON_HANG(MADH, MASP, SO_LUONG, THANH_TIEN) VALUES (N'DH000015', N'SP000007', 6, 8326461)
INSERT dbo.CHI_TIET_DON_HANG(MADH, MASP, SO_LUONG, THANH_TIEN) VALUES (N'DH000015', N'SP000002', 2, 6162125)
GO

--
-- Inserting data into table dbo.HOAT_DONG
--
INSERT dbo.HOAT_DONG(MAKV, MATX) VALUES (N'KV000023', N'TX000001')
INSERT dbo.HOAT_DONG(MAKV, MATX) VALUES (N'KV000026', N'TX000002')
INSERT dbo.HOAT_DONG(MAKV, MATX) VALUES (N'KV000037', N'TX000003')
INSERT dbo.HOAT_DONG(MAKV, MATX) VALUES (N'KV000037', N'TX000004')
INSERT dbo.HOAT_DONG(MAKV, MATX) VALUES (N'KV000019', N'TX000005')
INSERT dbo.HOAT_DONG(MAKV, MATX) VALUES (N'KV000019', N'TX000006')
INSERT dbo.HOAT_DONG(MAKV, MATX) VALUES (N'KV000028', N'TX000007')
INSERT dbo.HOAT_DONG(MAKV, MATX) VALUES (N'KV000037', N'TX000008')
INSERT dbo.HOAT_DONG(MAKV, MATX) VALUES (N'KV000037', N'TX000009')
INSERT dbo.HOAT_DONG(MAKV, MATX) VALUES (N'KV000024', N'TX000010')
GO

--
-- Inserting data into table dbo.PHAN_PHOI
--
INSERT dbo.PHAN_PHOI(MASP, MACN) VALUES (N'SP000006', N'CN000002')
INSERT dbo.PHAN_PHOI(MASP, MACN) VALUES (N'SP000008', N'CN000003')
INSERT dbo.PHAN_PHOI(MASP, MACN) VALUES (N'SP000017', N'CN000010')
INSERT dbo.PHAN_PHOI(MASP, MACN) VALUES (N'SP000003', N'CN000011')
INSERT dbo.PHAN_PHOI(MASP, MACN) VALUES (N'SP000007', N'CN000012')
INSERT dbo.PHAN_PHOI(MASP, MACN) VALUES (N'SP000009', N'CN000013')
INSERT dbo.PHAN_PHOI(MASP, MACN) VALUES (N'SP000004', N'CN000016')
INSERT dbo.PHAN_PHOI(MASP, MACN) VALUES (N'SP000007', N'CN000017')
INSERT dbo.PHAN_PHOI(MASP, MACN) VALUES (N'SP000005', N'CN000018')
INSERT dbo.PHAN_PHOI(MASP, MACN) VALUES (N'SP000002', N'CN000019')
INSERT dbo.PHAN_PHOI(MASP, MACN) VALUES (N'SP000012', N'CN000021')
INSERT dbo.PHAN_PHOI(MASP, MACN) VALUES (N'SP000018', N'CN000022')
INSERT dbo.PHAN_PHOI(MASP, MACN) VALUES (N'SP000001', N'CN000023')
INSERT dbo.PHAN_PHOI(MASP, MACN) VALUES (N'SP000013', N'CN000024')
INSERT dbo.PHAN_PHOI(MASP, MACN) VALUES (N'SP000019', N'CN000026')
INSERT dbo.PHAN_PHOI(MASP, MACN) VALUES (N'SP000008', N'CN000027')
INSERT dbo.PHAN_PHOI(MASP, MACN) VALUES (N'SP000014', N'CN000028')
INSERT dbo.PHAN_PHOI(MASP, MACN) VALUES (N'SP000016', N'CN000029')
INSERT dbo.PHAN_PHOI(MASP, MACN) VALUES (N'SP000002', N'CN000030')
INSERT dbo.PHAN_PHOI(MASP, MACN) VALUES (N'SP000010', N'CN000031')
INSERT dbo.PHAN_PHOI(MASP, MACN) VALUES (N'SP000008', N'CN000032')
INSERT dbo.PHAN_PHOI(MASP, MACN) VALUES (N'SP000017', N'CN000033')
INSERT dbo.PHAN_PHOI(MASP, MACN) VALUES (N'SP000009', N'CN000034')
INSERT dbo.PHAN_PHOI(MASP, MACN) VALUES (N'SP000015', N'CN000035')
INSERT dbo.PHAN_PHOI(MASP, MACN) VALUES (N'SP000004', N'CN000036')
INSERT dbo.PHAN_PHOI(MASP, MACN) VALUES (N'SP000010', N'CN000037')
INSERT dbo.PHAN_PHOI(MASP, MACN) VALUES (N'SP000003', N'CN000038')
INSERT dbo.PHAN_PHOI(MASP, MACN) VALUES (N'SP000009', N'CN000049')
INSERT dbo.PHAN_PHOI(MASP, MACN) VALUES (N'SP000004', N'CN000050')
GO

--
-- Inserting data into table dbo.PHIEU_GIAO_HANG
--
INSERT dbo.PHIEU_GIAO_HANG(MATX, MADH, NGAY_GIAO) VALUES (N'TX000005', N'DH000001', '2020-10-10')
INSERT dbo.PHIEU_GIAO_HANG VALUES (N'TX000005', N'DH000004', '2020-11-10')
INSERT dbo.PHIEU_GIAO_HANG VALUES (N'TX000006', N'DH000012', '2021-12-10')
INSERT dbo.PHIEU_GIAO_HANG VALUES (N'TX000010', N'DH000002', '2021-11-01')
INSERT dbo.PHIEU_GIAO_HANG VALUES (N'TX000010', N'DH000009', '2021-11-05')
INSERT dbo.PHIEU_GIAO_HANG VALUES (N'TX000010', N'DH000010', '2021-12-20')
INSERT dbo.PHIEU_GIAO_HANG VALUES (N'TX000010', N'DH000014', '2021-12-25')
INSERT dbo.PHIEU_GIAO_HANG VALUES (N'TX000004', N'DH000003', '2021-12-10')
INSERT dbo.PHIEU_GIAO_HANG VALUES (N'TX000008', N'DH000005', '2021-12-10')
INSERT dbo.PHIEU_GIAO_HANG VALUES (N'TX000008', N'DH000006', '2021-12-05')
INSERT dbo.PHIEU_GIAO_HANG VALUES (N'TX000008', N'DH000007', '2021-12-01')
INSERT dbo.PHIEU_GIAO_HANG VALUES (N'TX000009', N'DH000011','2021-11-20')
INSERT dbo.PHIEU_GIAO_HANG VALUES (N'TX000009', N'DH000013', '2021-12-01')
INSERT dbo.PHIEU_GIAO_HANG VALUES (N'TX000002', N'DH000015','2021-12-25')
INSERT dbo.PHIEU_GIAO_HANG VALUES (N'TX000002', N'DH000008', '2021-11-20')
GO

--
-- Inserting data into table dbo.TRANG_THAI_DON_HANG
--
INSERT dbo.TRANG_THAI_DON_HANG(TEN_TRANG_THAI, MADH, THOI_GIAN) VALUES (N'Đặt hàng', N'DH000001', '2020-09-20')
INSERT dbo.TRANG_THAI_DON_HANG(TEN_TRANG_THAI, MADH, THOI_GIAN) VALUES (N'Đã xác nhận', N'DH000001', '2020-09-22')
INSERT dbo.TRANG_THAI_DON_HANG(TEN_TRANG_THAI, MADH, THOI_GIAN) VALUES (N'Đang giao hàng', N'DH000001', '2020-09-25')
INSERT dbo.TRANG_THAI_DON_HANG(TEN_TRANG_THAI, MADH, THOI_GIAN) VALUES (N'Đã giao hàng', N'DH000001', '2020-09-26')
INSERT dbo.TRANG_THAI_DON_HANG(TEN_TRANG_THAI, MADH, THOI_GIAN) VALUES (N'Đặt hàng', N'DH000004', '2020-10-20')
INSERT dbo.TRANG_THAI_DON_HANG(TEN_TRANG_THAI, MADH, THOI_GIAN) VALUES (N'Đã xác nhận', N'DH000004', '2020-10-21')
INSERT dbo.TRANG_THAI_DON_HANG(TEN_TRANG_THAI, MADH, THOI_GIAN) VALUES (N'Đang giao hàng', N'DH000004', '2020-10-25')
INSERT dbo.TRANG_THAI_DON_HANG(TEN_TRANG_THAI, MADH, THOI_GIAN) VALUES (N'Đã giao hàng', N'DH000004', '2020-10-28')
INSERT dbo.TRANG_THAI_DON_HANG(TEN_TRANG_THAI, MADH, THOI_GIAN) VALUES (N'Đặt hàng', N'DH0000012', '2021-11-01')
INSERT dbo.TRANG_THAI_DON_HANG(TEN_TRANG_THAI, MADH, THOI_GIAN) VALUES (N'Đã xác nhận', N'DH000012', '2021-11-05')
INSERT dbo.TRANG_THAI_DON_HANG(TEN_TRANG_THAI, MADH, THOI_GIAN) VALUES (N'Đặt hàng', N'DH000002', '2021-09-20')
INSERT dbo.TRANG_THAI_DON_HANG(TEN_TRANG_THAI, MADH, THOI_GIAN) VALUES (N'Đã xác nhận', N'DH000002', '2021-09-20')
INSERT dbo.TRANG_THAI_DON_HANG(TEN_TRANG_THAI, MADH, THOI_GIAN) VALUES (N'Đang giao hàng', N'DH000002', '2021-09-25')
INSERT dbo.TRANG_THAI_DON_HANG(TEN_TRANG_THAI, MADH, THOI_GIAN) VALUES (N'Đã hủy', N'DH000002', '2021-11-05')
INSERT dbo.TRANG_THAI_DON_HANG(TEN_TRANG_THAI, MADH, THOI_GIAN) VALUES (N'Đặt hàng', N'DH000009', '2020-10-20')
INSERT dbo.TRANG_THAI_DON_HANG(TEN_TRANG_THAI, MADH, THOI_GIAN) VALUES (N'Đã xác nhận', N'DH000009', '2020-10-22')
INSERT dbo.TRANG_THAI_DON_HANG(TEN_TRANG_THAI, MADH, THOI_GIAN) VALUES (N'Đang giao hàng', N'DH000009', '2020-10-25')
INSERT dbo.TRANG_THAI_DON_HANG(TEN_TRANG_THAI, MADH, THOI_GIAN) VALUES (N'Đã giao hàng', N'DH000009', '2020-11-01')
INSERT dbo.TRANG_THAI_DON_HANG(TEN_TRANG_THAI, MADH, THOI_GIAN) VALUES (N'Đặt hàng', N'DH000010', '2020-10-25')
INSERT dbo.TRANG_THAI_DON_HANG(TEN_TRANG_THAI, MADH, THOI_GIAN) VALUES (N'Đã xác nhận', N'DH000010', '2020-10-26')
INSERT dbo.TRANG_THAI_DON_HANG(TEN_TRANG_THAI, MADH, THOI_GIAN) VALUES (N'Đang giao hàng', N'DH000010', '2020-10-30')
INSERT dbo.TRANG_THAI_DON_HANG(TEN_TRANG_THAI, MADH, THOI_GIAN) VALUES (N'Đặt hàng', N'DH000014', '2021-11-01')
INSERT dbo.TRANG_THAI_DON_HANG(TEN_TRANG_THAI, MADH, THOI_GIAN) VALUES (N'Đã xác nhận', N'DH000014', '2021-11-02')
INSERT dbo.TRANG_THAI_DON_HANG(TEN_TRANG_THAI, MADH, THOI_GIAN) VALUES (N'Đặt hàng', N'DH000003', '2021-10-20')
INSERT dbo.TRANG_THAI_DON_HANG(TEN_TRANG_THAI, MADH, THOI_GIAN) VALUES (N'Đã xác nhận', N'DH000003', '2021-10-20')
INSERT dbo.TRANG_THAI_DON_HANG(TEN_TRANG_THAI, MADH, THOI_GIAN) VALUES (N'Đặt hàng', N'DH000005', '2021-10-30')
INSERT dbo.TRANG_THAI_DON_HANG(TEN_TRANG_THAI, MADH, THOI_GIAN) VALUES (N'Đã xác nhận', N'DH000005', '2021-10-30')
INSERT dbo.TRANG_THAI_DON_HANG(TEN_TRANG_THAI, MADH, THOI_GIAN) VALUES (N'Đặt hàng', N'DH000006', '2021-11-01')
INSERT dbo.TRANG_THAI_DON_HANG(TEN_TRANG_THAI, MADH, THOI_GIAN) VALUES (N'Đã xác nhận', N'DH000006', '2021-11-02')
INSERT dbo.TRANG_THAI_DON_HANG(TEN_TRANG_THAI, MADH, THOI_GIAN) VALUES (N'Đang giao hàng', N'DH000006', '2021-11-05')
INSERT dbo.TRANG_THAI_DON_HANG(TEN_TRANG_THAI, MADH, THOI_GIAN) VALUES (N'Đã hủy', N'DH000006', '2021-11-10')
INSERT dbo.TRANG_THAI_DON_HANG(TEN_TRANG_THAI, MADH, THOI_GIAN) VALUES (N'Đặt hàng', N'DH000007', '2021-11-01')
INSERT dbo.TRANG_THAI_DON_HANG(TEN_TRANG_THAI, MADH, THOI_GIAN) VALUES (N'Đã xác nhận', N'DH000007', '2021-11-02')
INSERT dbo.TRANG_THAI_DON_HANG(TEN_TRANG_THAI, MADH, THOI_GIAN) VALUES (N'Đang giao hàng', N'DH000007', '2021-11-06')
INSERT dbo.TRANG_THAI_DON_HANG(TEN_TRANG_THAI, MADH, THOI_GIAN) VALUES (N'Đặt hàng', N'DH000011', '2021-10-30')
INSERT dbo.TRANG_THAI_DON_HANG(TEN_TRANG_THAI, MADH, THOI_GIAN) VALUES (N'Đã xác nhận', N'DH000011', '2021-11-01')
INSERT dbo.TRANG_THAI_DON_HANG(TEN_TRANG_THAI, MADH, THOI_GIAN) VALUES (N'Đang giao hàng', N'DH000011', '2021-11-02')
INSERT dbo.TRANG_THAI_DON_HANG(TEN_TRANG_THAI, MADH, THOI_GIAN) VALUES (N'Đặt hàng', N'DH000013', '2021-11-03')
INSERT dbo.TRANG_THAI_DON_HANG(TEN_TRANG_THAI, MADH, THOI_GIAN) VALUES (N'Đã xác nhận', N'DH000013', '2021-11-05')
INSERT dbo.TRANG_THAI_DON_HANG(TEN_TRANG_THAI, MADH, THOI_GIAN) VALUES (N'Đang giao hàng', N'DH000013', '2021-11-08')
INSERT dbo.TRANG_THAI_DON_HANG(TEN_TRANG_THAI, MADH, THOI_GIAN) VALUES (N'Đặt hàng', N'DH000015', '2021-11-08')
INSERT dbo.TRANG_THAI_DON_HANG(TEN_TRANG_THAI, MADH, THOI_GIAN) VALUES (N'Đặt hàng', N'DH000008', '2021-10-10')
INSERT dbo.TRANG_THAI_DON_HANG(TEN_TRANG_THAI, MADH, THOI_GIAN) VALUES (N'Đã xác nhận', N'DH000008', '2021-10-15')
INSERT dbo.TRANG_THAI_DON_HANG(TEN_TRANG_THAI, MADH, THOI_GIAN) VALUES (N'Đang giao hàng', N'DH000008', '2021-20-10')
GO

